state,initial_claims_2020_01_04,initial_claims_2020_01_11,initial_claims_2020_01_18,initial_claims_2020_01_25,initial_claims_2020_02_01,initial_claims_2020_02_08,initial_claims_2020_02_15,initial_claims_2020_02_22,initial_claims_2020_02_29,initial_claims_2020_03_07,initial_claims_2020_03_14,initial_claims_2020_03_21,initial_claims_2020_03_28,initial_claims_2020_04_04,initial_claims_2020_04_11,initial_claims_2020_04_18,continued_claims_2020_01_04,continued_claims_2020_01_11,continued_claims_2020_01_18,continued_claims_2020_01_25,continued_claims_2020_02_01,continued_claims_2020_02_08,continued_claims_2020_02_15,continued_claims_2020_02_22,continued_claims_2020_02_29,continued_claims_2020_03_07,continued_claims_2020_03_14,continued_claims_2020_03_21,continued_claims_2020_03_28,continued_claims_2020_04_04,continued_claims_2020_04_11,continued_claims_2020_04_18,personal_inc2019,topind_gdp,topindemp_3,topindemp_1,topindemp_2,region,sah_date,massgath_res_date,noness_res_date,days_since_peak_deaths,reopen_date,peak_death_yn,sah_yn,pctpop_hs,totpop_2018,totpop_work,pctpop_work,gov_republican,sum_deaths,sum_conf,FIPS,Confirmed,Deaths,Lat,Long_,Incident_Rate,Mortality_Rate
Alabama,4578,3629,2483,2129,2170,2176,1981,1735,1575,1663,1819,10892,80984,106739,77515,66432,18523,21143,17402,18390,17284,16745,16571,16059,14721,13657,13070,12487,18083,52176,95325,144327,43880,    Manufacturing,Sales and Related Occupations,Office and Administrative Support Occupations,Production Occupations,South,2020-04-03T00:00:00Z,2020-03-19T00:00:00Z,2020-03-28T00:00:00Z,11,2020-04-30T00:00:00Z,1,1,86.6,4887871,3157820,64.5,1,153,4712,1,4712,153,32.3182,-86.9023,100.49271715714805,3.2470288624787775
Alaska,981,1371,1181,1003,1122,980,915,773,874,815,1120,7847,13774,14590,12007,12201,10177,9310,9984,9496,9579,9161,9343,8864,8938,8266,8522,8512,11173,19845,35365,48096,62102,"    Mining, quarrying, and oil and gas extraction",Transportation and Material Moving Occupations,Office and Administrative Support Occupations,Food Preparation and Serving Related Occupations,West,2020-03-27T00:00:00Z,2020-03-24T00:00:00Z,2020-03-28T00:00:00Z,28,2020-04-24T00:00:00Z,1,1,93.3,737438,494974,67.2,1,9,314,2,314,9,61.3707,-152.4044,52.530409921221114,2.8662420382165603
Arkansas,2576,2493,1729,1683,1837,1724,1602,1055,1418,1843,1382,9275,27756,62086,35629,25404,15323,15536,13229,12331,13210,12964,12979,12546,12244,11618,11514,10988,16148,36499,66511,91278,44845,    Manufacturing,Sales and Related Occupations,Office and Administrative Support Occupations,Transportation and Material Moving Occupations,South,NA,2020-03-27T00:00:00Z,NA,-5,NA,0,0,87.2,3013825,1922032,63.7,1,38,1744,5,1744,38,34.9697,-92.3731,67.36121330523011,2.1788990825688073
Arizona,3132,4654,4152,3475,3807,3636,3538,3151,3086,3357,3844,29348,88940,132428,98531,72457,17991,18259,18421,18401,18854,18461,18516,18217,18137,17593,17595,18108,26387,62597,120592,170262,46233,"    Finance, insurance, real estate, rental, and leasing",Food Preparation and Serving Related Occupations,Office and Administrative Support Occupations,Sales and Related Occupations,West,2020-03-31T00:00:00Z,2020-03-30T00:00:00Z,2020-03-31T00:00:00Z,-1,2020-05-15T00:00:00Z,0,1,87.5,7171646,4548160,63.5,1,180,4724,4,4724,180,33.7298,-111.4312,64.90154789642186,3.8103302286198137
California,36720,51993,64858,45596,43458,40392,43445,34979,41678,43385,57606,186333,1058325,918814,655472,528360,359606,356376,376947,336269,388341,359156,375305,349252,369988,378864,351344,421912,400565,1076761,1429954,2422458,66661,"    Finance, insurance, real estate, rental, and leasing",Food Preparation and Serving Related Occupations,Office and Administrative Support Occupations,Sales and Related Occupations,West,2020-03-19T00:00:00Z,2020-03-11T00:00:00Z,2020-03-19T00:00:00Z,10,NA,1,1,83.8,39557045,26416225,66.9,0,1140,30491,6,30491,1140,36.1162,-119.6816,77.76606266683194,3.7388081729034797
Colorado,2431,3001,2522,2164,2049,2482,2209,1862,1681,1865,2321,19774,61838,46326,104572,67639,21391,21492,21104,22738,21560,22881,22076,23694,22409,22908,21260,21309,21956,73584,166593,171434,61348,"    Finance, insurance, real estate, rental, and leasing",Food Preparation and Serving Related Occupations,Office and Administrative Support Occupations,Sales and Related Occupations,West,2020-03-25T00:00:00Z,2020-03-19T00:00:00Z,2020-03-26T00:00:00Z,8,2020-05-04T00:00:00Z,1,1,91.9,5695564,3835387,67.4,0,389,9047,8,9047,389,39.0598,-105.3111,159.648818480511,4.299767878854869
Connecticut,7852,5986,3776,2949,2994,2944,2520,2435,2843,2527,3440,25100,33227,33464,34050,102808,46562,47540,42483,41760,41725,41633,39384,41691,42168,40638,39786,44194,80861,147939,189196,306047,79087,"    Finance, insurance, real estate, rental, and leasing",Food Preparation and Serving Related Occupations,Office and Administrative Support Occupations,Sales and Related Occupations,Northeast,2020-03-20T00:00:00Z,2020-03-12T00:00:00Z,2020-03-23T00:00:00Z,12,2020-05-20T00:00:00Z,1,1,90.9,3572665,2362389,66.1,0,1086,17550,9,17550,1086,41.5978,-72.7554,492.24648674847214,6.188034188034188
Delaware,875,1107,830,674,622,608,610,632,524,518,472,10776,19137,18851,13258,9446,6881,7083,5967,5703,6830,5888,5917,5921,6742,5480,5310,5297,11506,19442,29577,38451,54264,"    Finance, insurance, real estate, rental, and leasing",Food Preparation and Serving Related Occupations,Office and Administrative Support Occupations,Sales and Related Occupations,South,2020-03-22T00:00:00Z,2020-03-16T00:00:00Z,2020-03-24T00:00:00Z,4,2020-05-15T00:00:00Z,1,1,89.8,967171,617842,63.9,0,67,2538,10,2538,67,39.3185,-75.5071,260.6381012237051,2.639873916469661
District of Columbia,481,706,594,534,539,508,473,422,452,471,1213,14462,15869,15329,9974,8639,7198,7102,7271,7149,7139,7156,7079,7003,7020,6792,6746,7378,17661,31385,42224,47465,84538,    Professional and business services,Office and Administrative Support Occupations,Business and Financial Operations Occupations,Management Occupations,South,2020-03-30T00:00:00Z,2020-03-13T00:00:00Z,2020-03-25T00:00:00Z,10,2020-05-15T00:00:00Z,1,1,92.1,702455,505096,71.8,0,91,2666,11,2666,91,38.8974,-77.0268,377.7546974916011,3.4133533383345838
Florida,4618,6862,6088,5206,5457,5605,5229,4861,4853,5325,6463,74313,228484,169885,180419,506670,36189,35024,34718,33347,35871,33176,34449,33570,33421,32262,32244,33728,35076,98921,339448,177021,51989,"    Finance, insurance, real estate, rental, and leasing",Food Preparation and Serving Related Occupations,Office and Administrative Support Occupations,Sales and Related Occupations,South,2020-04-01T00:00:00Z,2020-04-03T00:00:00Z,NA,9,2020-05-04T00:00:00Z,1,1,88.5,21299325,13432955,63.1,1,748,25492,12,25492,748,27.7663,-81.6868,120.06062750846505,2.9342538835713166
Georgia,17060,17962,8161,5257,5199,5577,6277,5030,5538,4569,5445,12140,133820,390132,319581,247003,38704,47482,32079,28998,28332,26984,27317,26963,26958,25079,25352,27507,107877,360077,595418,611889,48199,"    Finance, insurance, real estate, rental, and leasing",Transportation and Material Moving Occupations,Office and Administrative Support Occupations,Sales and Related Occupations,South,2020-04-03T00:00:00Z,2020-03-24T00:00:00Z,NA,25,2020-04-24T00:00:00Z,1,1,87.6,10519475,6995499,66.4,1,673,17669,13,17669,673,33.0406,-83.6431,174.26092469243474,3.808930895919407
Hawaii,1825,1826,1234,1014,1135,1137,1199,1020,1049,1275,1589,8817,48596,53102,34717,26591,6813,7849,6623,6407,6070,6205,6121,6223,5951,6047,6204,6477,10997,32226,48305,72261,57450,"    Finance, insurance, real estate, rental, and leasing",Sales and Related Occupations,Food Preparation and Serving Related Occupations,Office and Administrative Support Occupations,West,2020-03-23T00:00:00Z,2020-03-17T00:00:00Z,2020-03-25T00:00:00Z,5,2020-05-31T00:00:00Z,1,1,92,1420491,902577,63.7,0,9,574,15,574,9,21.0943,-157.4983,40.542850402532586,1.5679442508710801
Idaho,2957,2131,2172,1821,1446,1443,1356,1114,998,938,1031,13586,32941,30904,18531,13023,8854,11483,11931,11833,11337,11389,11334,11275,10587,10167,9336,7869,15523,35915,59139,67722,45642,"    Finance, insurance, real estate, rental, and leasing",Food Preparation and Serving Related Occupations,Office and Administrative Support Occupations,Sales and Related Occupations,West,2020-03-25T00:00:00Z,2020-03-25T00:00:00Z,2020-03-25T00:00:00Z,17,2020-05-01T00:00:00Z,1,1,90.9,1754208,1107168,63.1,1,43,1655,16,1655,43,44.2405,-114.4788,102.76330846937311,2.598187311178248
Illinois,11779,12703,14807,9762,9343,9794,8045,11812,8980,8727,10870,114114,178421,201041,141160,102936,125348,136523,133967,131469,143239,130900,133765,131171,132123,136396,130325,125437,132114,263057,452905,569245,58935,"    Finance, insurance, real estate, rental, and leasing",Sales and Related Occupations,Office and Administrative Support Occupations,Transportation and Material Moving Occupations,Midwest,2020-03-20T00:00:00Z,2020-03-13T00:00:00Z,2020-03-21T00:00:00Z,4,2020-05-30T00:00:00Z,1,1,89.5,12741080,8390699,65.9,0,1259,29160,17,29160,1259,40.3495,-88.9861,248.47360432350888,4.3175582990397805
Indiana,4434,4890,3741,2956,3016,2725,2556,2979,2276,2223,2596,59755,139174,127010,113755,72756,20062,21524,21626,21366,22017,22212,22352,22913,22994,22586,21473,20778,28987,71737,147583,206386,48657,    Manufacturing,Transportation and Material Moving Occupations,Production Occupations,Office and Administrative Support Occupations,Midwest,2020-03-23T00:00:00Z,2020-03-12T00:00:00Z,2020-03-24T00:00:00Z,11,2020-05-04T00:00:00Z,1,1,89,6691878,4341408,65.1,1,545,10641,18,10641,545,39.8494,-86.2583,162.60711730481415,5.121699088431538
Iowa,4586,4836,3615,3115,3066,2379,2239,2631,2240,2221,2229,40952,55966,64194,43889,26901,34549,34540,29625,30369,30890,30789,30799,30741,30516,29424,27816,26496,53650,91631,127332,150445,52636,"    Finance, insurance, real estate, rental, and leasing",Production Occupations,Office and Administrative Support Occupations,Sales and Related Occupations,Midwest,NA,2020-03-17T00:00:00Z,2020-03-17T00:00:00Z,0,NA,0,0,92.3,3156145,2007768,63.7,1,74,2513,19,2513,74,42.0115,-93.2105,95.88993529623427,2.9446876243533624
Kansas,2019,2140,2402,2557,2000,2107,2076,1494,1517,1365,1755,23563,54330,49306,29873,30596,11175,11431,10638,11182,12301,11809,11666,12003,11505,11003,9771,9973,17558,51425,78334,97478,53453,    Manufacturing,Food Preparation and Serving Related Occupations,Office and Administrative Support Occupations,Sales and Related Occupations,Midwest,2020-03-28T00:00:00Z,2020-03-17T00:00:00Z,NA,-1,2020-05-04T00:00:00Z,0,1,91,2911510,1863159,63.9,0,85,1821,20,1821,85,38.5266,-96.7265,74.67742305887911,4.667764964305327
Kentucky,5175,3968,3084,2569,2625,2936,2813,2508,2223,2463,2785,49023,113149,117575,116277,103981,22515,25124,24066,22874,23219,22937,23076,22623,23733,22770,22940,22328,24361,130151,182097,199030,44017,    Manufacturing,Production Occupations,Office and Administrative Support Occupations,Transportation and Material Moving Occupations,South,2020-03-26T00:00:00Z,2020-03-19T00:00:00Z,2020-03-26T00:00:00Z,25,2020-05-25T00:00:00Z,1,1,86.8,4468402,2897710,64.9,0,144,2707,21,2707,144,37.6681,-84.6701,79.07567632780388,5.319541928333949
Louisiana,1658,2521,2008,1878,2058,1805,1739,1798,1509,1698,2255,72438,97400,100621,79653,91923,16553,15957,16076,15500,16189,15051,15057,14640,15289,14199,13987,14143,58027,116690,217532,246296,48008,    Manufacturing,Food Preparation and Serving Related Occupations,Office and Administrative Support Occupations,Sales and Related Occupations,South,2020-03-22T00:00:00Z,2020-03-13T00:00:00Z,2020-03-22T00:00:00Z,18,2020-05-15T00:00:00Z,1,1,85.8,4659978,3022142,64.8,0,1267,23580,22,23580,1267,31.1695,-91.8678,512.9135447024383,5.373197625106022
Maine,1663,1561,959,944,881,702,790,737,862,715,634,21459,23770,30910,13488,11769,7828,7832,8661,8457,8916,8809,8896,8624,9007,8739,8451,8703,21967,41339,55723,66525,50950,"    Finance, insurance, real estate, rental, and leasing",Sales and Related Occupations,Office and Administrative Support Occupations,Food Preparation and Serving Related Occupations,Northeast,2020-03-31T00:00:00Z,2020-03-18T00:00:00Z,2020-03-25T00:00:00Z,9,2020-05-31T00:00:00Z,1,1,93,1338404,858516,64.3,0,32,847,23,847,32,44.6939,-69.3819,72.14613894647898,3.7780401416765055
Maryland,3997,4627,3739,3283,3203,3150,3048,2700,2626,2675,3864,42981,85317,109496,62904,48495,30571,31292,29203,29231,29788,29342,29219,29095,28412,28068,27046,26467,47973,92112,160906,201432,65683,"    Finance, insurance, real estate, rental, and leasing",Food Preparation and Serving Related Occupations,Office and Administrative Support Occupations,Sales and Related Occupations,South,2020-03-30T00:00:00Z,2020-03-16T00:00:00Z,2020-03-23T00:00:00Z,12,NA,1,1,90.5,6042718,4000194,66.2,1,421,12326,24,12326,421,39.0639,-76.8021,207.39197773640558,3.4155443777381147
Massachusetts,9464,8784,6940,6022,5523,5878,5393,9264,4865,4712,7449,148452,181423,139647,103813,80969,76528,79521,75076,75529,76927,76492,76912,77091,83220,75552,74336,83127,183105,310211,361600,467552,74967,"    Finance, insurance, real estate, rental, and leasing",Food Preparation and Serving Related Occupations,Office and Administrative Support Occupations,Sales and Related Occupations,Northeast,2020-03-24T00:00:00Z,2020-03-13T00:00:00Z,2020-03-24T00:00:00Z,13,2020-05-18T00:00:00Z,1,1,90.8,6902149,4645509,67.2,1,1403,36349,25,36372,1404,42.2302,-71.5301,529.9127068906135,3.860112174199934
Michigan,13207,14245,10304,7678,6869,6627,5587,5942,5419,5150,5338,128006,304335,388554,222207,136707,72103,89760,84136,91306,82775,79833,79149,78029,78570,77661,75757,75075,88183,366426,749011,937520,50320,    Manufacturing,Sales and Related Occupations,Office and Administrative Support Occupations,Production Occupations,Midwest,2020-03-24T00:00:00Z,2020-03-13T00:00:00Z,2020-03-23T00:00:00Z,10,2020-05-15T00:00:00Z,1,1,91.1,9995915,6500213,65,0,2291,30196,26,30791,2308,43.3266,-84.5361,386.46917340078943,7.495696794517879
Minnesota,7293,5933,4463,3931,3700,4108,3641,3539,3410,3488,4010,115773,109095,110260,93133,74829,68226,66377,62628,61704,62189,64105,63956,62200,61696,62767,61781,66787,160873,248023,341578,391284,59683,"    Finance, insurance, real estate, rental, and leasing",Food Preparation and Serving Related Occupations,Office and Administrative Support Occupations,Sales and Related Occupations,Midwest,2020-03-25T00:00:00Z,2020-03-28T00:00:00Z,NA,0,2020-05-18T00:00:00Z,0,1,93.4,5611179,3636533,64.7,0,121,2209,27,2209,121,45.6945,-93.9002,44.65832640243116,5.4775916704391125
Mississippi,1178,1515,1135,993,963,968,861,827,744,879,1147,5519,32015,45852,45748,36913,9681,9536,8804,8562,8674,8261,8216,7922,7842,7416,7098,6667,9581,29373,60737,93005,39368,    Manufacturing,Sales and Related Occupations,Office and Administrative Support Occupations,Transportation and Material Moving Occupations,South,2020-04-01T00:00:00Z,2020-03-24T00:00:00Z,2020-04-03T00:00:00Z,11,2020-05-11T00:00:00Z,1,1,85.4,2986530,1926583,64.5,1,152,3974,28,3974,152,32.7416,-89.6787,137.26139003580403,3.824861600402617
Missouri,7474,10913,4938,5474,4801,3670,3363,3063,2732,2994,4016,42246,104291,91458,102126,59602,29785,30140,29945,29170,29854,27906,27362,27035,26949,25225,22381,21538,49470,121467,178710,227557,49589,"    Finance, insurance, real estate, rental, and leasing",Food Preparation and Serving Related Occupations,Office and Administrative Support Occupations,Sales and Related Occupations,Midwest,2020-04-03T00:00:00Z,2020-03-23T00:00:00Z,NA,5,2020-05-04T00:00:00Z,1,1,90.5,6126452,3946034,64.3,1,184,5167,29,5579,197,38.4561,-92.2884,95.21361710029053,3.531098763219215
Montana,1555,1755,1236,922,902,935,921,795,695,714,817,15349,20763,21244,14275,11176,11056,11756,11254,11830,11527,11489,11479,11308,11296,10782,10112,9818,19099,36819,53482,65073,49074,"    Finance, insurance, real estate, rental, and leasing",Sales and Related Occupations,Office and Administrative Support Occupations,Food Preparation and Serving Related Occupations,West,2020-03-26T00:00:00Z,2020-03-24T00:00:00Z,2020-03-26T00:00:00Z,33,2020-04-26T00:00:00Z,1,1,93.9,1062305,670730,63.1,0,10,426,30,426,10,46.9219,-110.4544,49.192424366647536,2.347417840375587
North Carolina,3508,4628,4217,3344,3611,3326,3094,2852,1767,2575,3533,94083,172145,137422,140155,106266,20848,21239,22247,22415,22342,22044,21972,21630,21188,20196,19683,20652,75220,245692,362989,468283,47803,"    Finance, insurance, real estate, rental, and leasing",Food Preparation and Serving Related Occupations,Office and Administrative Support Occupations,Sales and Related Occupations,South,2020-03-27T00:00:00Z,2020-03-14T00:00:00Z,2020-03-30T00:00:00Z,11,2020-05-08T00:00:00Z,1,1,88.2,10383620,6797281,65.5,0,187,6328,37,6328,187,35.6301,-79.8064,63.80399027009314,2.9551201011378003
North Dakota,836,1530,785,543,447,526,457,435,363,423,415,5662,11818,15125,9502,8065,5785,6171,6809,7179,6782,6838,6924,6886,6795,6543,6349,6169,8534,16036,24554,33563,57501,"    Mining, quarrying, and oil and gas extraction",Sales and Related Occupations,Office and Administrative Support Occupations,Transportation and Material Moving Occupations,Midwest,NA,NA,NA,-11,NA,0,0,92.3,760077,493391,64.9,1,9,528,38,528,9,47.5289,-99.78399999999999,87.06865561378456,1.7045454545454546
Nebraska,1099,1171,988,960,833,675,537,493,502,501,795,15700,24725,27054,16279,12222,5165,5694,4940,5107,5884,5693,5804,5780,6286,5581,5076,4859,16641,38921,60416,72078,54871,"    Finance, insurance, real estate, rental, and leasing",Transportation and Material Moving Occupations,Office and Administrative Support Occupations,Sales and Related Occupations,Midwest,NA,2020-03-16T00:00:00Z,NA,-10,NA,0,0,91.4,1929268,1227484,63.7,1,24,1249,31,1249,24,41.1254,-98.2681,81.88703391919606,1.9215372297838271
New Hampshire,690,722,613,577,456,507,424,444,894,495,642,29379,31378,39202,25273,20414,4468,4575,4215,4202,4033,4050,4015,3936,4048,4475,3909,4024,27321,52166,79979,93783,63880,"    Finance, insurance, real estate, rental, and leasing",Food Preparation and Serving Related Occupations,Office and Administrative Support Occupations,Sales and Related Occupations,Northeast,2020-03-27T00:00:00Z,2020-03-16T00:00:00Z,2020-03-28T00:00:00Z,23,2020-05-31T00:00:00Z,1,1,93.1,1356458,902638,66.6,1,38,1342,33,1342,38,43.4525,-71.5639,101.04295605610218,2.831594634873323
New Jersey,15325,13469,10728,9325,8304,9288,8550,8396,7773,7996,9467,115815,206253,214836,141420,140139,111335,120461,108425,107082,110022,109931,110016,109265,110902,107646,104283,105840,156181,276119,429388,556005,70979,"    Finance, insurance, real estate, rental, and leasing",Sales and Related Occupations,Office and Administrative Support Occupations,Transportation and Material Moving Occupations,Northeast,2020-03-21T00:00:00Z,2020-03-16T00:00:00Z,2020-03-21T00:00:00Z,4,NA,1,1,90.2,8908520,5861540,65.7,0,4070,81420,34,81420,4070,40.2989,-74.521,916.665822280316,4.998771800540408
New Mexico,799,1194,947,764,784,873,725,737,681,690,869,18105,27849,26132,19043,13621,10140,10310,9920,10137,10066,9965,9987,10051,10039,9845,9566,9288,20087,44829,62686,80986,43984,"    Mining, quarrying, and oil and gas extraction",Sales and Related Occupations,Office and Administrative Support Occupations,Food Preparation and Serving Related Occupations,West,2020-03-23T00:00:00Z,2020-03-12T00:00:00Z,2020-03-24T00:00:00Z,10,2020-05-15T00:00:00Z,1,1,85.4,2095428,1329581,63.4,0,53,1798,35,1798,53,34.8405,-106.2485,107.82395310917386,2.947719688542825
Nevada,2264,2792,2451,2101,2286,2794,2543,2052,2324,2309,6356,92298,71942,79285,58641,39496,20801,19823,19328,19025,19177,19225,19585,19472,20044,19850,19475,19822,58798,131121,189007,231618,50883,"    Finance, insurance, real estate, rental, and leasing",Sales and Related Occupations,Food Preparation and Serving Related Occupations,Office and Administrative Support Occupations,West,2020-03-31T00:00:00Z,2020-03-24T00:00:00Z,2020-03-21T00:00:00Z,25,2020-05-15T00:00:00Z,1,1,86.9,3034392,1984228,65.4,0,151,3626,32,3626,151,38.3135,-117.0554,120.19768641000405,4.164368450082736
New York,44846,23314,17823,15022,16545,15010,14333,14144,31208,14035,14272,79999,366595,344451,394701,205184,181668,184283,164588,164044,165715,163393,164111,163220,182691,161892,158268,167214,314710,712544,1121191,1354496,71440,"    Finance, insurance, real estate, rental, and leasing",Food Preparation and Serving Related Occupations,Office and Administrative Support Occupations,Sales and Related Occupations,Northeast,2020-03-22T00:00:00Z,2020-03-12T00:00:00Z,2020-03-22T00:00:00Z,23,2020-05-15T00:00:00Z,1,1,87.1,19542209,12956586,66.4,0,17671,241712,36,241712,17671,42.1657,-74.9481,1433.5546029971488,7.310766532071225
Ohio,10759,9957,7865,8086,7329,6825,6532,6208,9916,6545,7046,196309,274288,226191,159317,109830,73287,78391,72855,72002,72622,71442,71214,70924,70655,73123,68516,68323,214273,450061,622669,717842,50546,"    Finance, insurance, real estate, rental, and leasing",Food Preparation and Serving Related Occupations,Office and Administrative Support Occupations,Production Occupations,Midwest,2020-03-19T00:00:00Z,2020-03-12T00:00:00Z,2020-03-23T00:00:00Z,10,2020-05-04T00:00:00Z,1,1,90.7,11689442,7556785,64.5,1,451,10222,39,10222,451,40.3888,-82.7649,91.48136812166969,4.41205243592252
Oklahoma,2943,2034,1981,1830,1779,1715,1633,1509,1458,1569,1836,21926,47744,60534,54481,46696,18080,19387,17467,17291,17451,17757,17513,17269,16929,17067,16482,16854,25268,55029,88330,112311,47951,"    Mining, quarrying, and oil and gas extraction",Food Preparation and Serving Related Occupations,Office and Administrative Support Occupations,Sales and Related Occupations,South,2020-04-01T00:00:00Z,2020-03-24T00:00:00Z,2020-04-01T00:00:00Z,11,2020-04-24T00:00:00Z,1,0,88.4,3943079,2525332,64.1,1,136,2465,40,2465,136,35.5653,-96.9289,67.39329304134858,5.517241379310345
Oregon,6714,6215,4051,4457,4853,4953,4284,3514,3936,4154,4269,30054,47498,62788,54581,37209,35451,36039,31604,32306,31876,31658,31167,30548,30165,29517,29002,30523,63930,118729,176154,217039,52937,"    Finance, insurance, real estate, rental, and leasing",Sales and Related Occupations,Office and Administrative Support Occupations,Food Preparation and Serving Related Occupations,West,2020-03-23T00:00:00Z,2020-03-12T00:00:00Z,NA,23,NA,1,1,90.5,4190713,2729812,65.1,0,72,1844,41,1844,72,44.571999999999996,-122.0709,46.018616077467,3.9045553145336225
Pennsylvania,27298,26356,16218,13359,15893,14425,13583,12631,12045,12227,15439,377451,404677,277640,234868,194594,135411,163882,142326,140027,135951,142004,136149,142306,135095,136931,128842,128029,135708,566464,614196,1074660,58775,"    Finance, insurance, real estate, rental, and leasing",Sales and Related Occupations,Office and Administrative Support Occupations,Transportation and Material Moving Occupations,Northeast,2020-03-23T00:00:00Z,2020-04-01T00:00:00Z,2020-03-23T00:00:00Z,11,2020-05-08T00:00:00Z,1,1,91,12807060,8290285,64.8,0,1042,31652,42,31652,1042,40.5908,-77.2098,251.45586926455672,3.292051055225578
Rhode Island,1972,1817,1194,1048,971,959,996,1921,874,700,1108,35847,27800,28243,22509,18078,12109,12299,10987,10750,11042,11051,11164,11199,12384,11130,10692,10857,31847,56038,70935,79140,56542,"    Finance, insurance, real estate, rental, and leasing",Sales and Related Occupations,Office and Administrative Support Occupations,Food Preparation and Serving Related Occupations,Northeast,2020-03-28T00:00:00Z,2020-03-17T00:00:00Z,NA,15,2020-05-08T00:00:00Z,1,1,89.1,1057315,708206,66.8,0,137,4491,44,4491,137,41.6809,-71.5118,423.93480598209675,3.0505455355154756
South Carolina,7471,4629,3126,2248,2099,2054,2088,1824,1977,1889,2093,31826,66475,86573,89147,74362,18922,21587,18780,17113,17061,16669,16547,16239,15779,15341,15032,15111,30341,75521,126994,179769,45314,    Manufacturing,Food Preparation and Serving Related Occupations,Office and Administrative Support Occupations,Sales and Related Occupations,South,2020-04-07T00:00:00Z,2020-03-18T00:00:00Z,NA,10,2020-05-04T00:00:00Z,1,1,88.4,5084127,3265879,64.3,1,119,4248,45,4248,119,33.8569,-80.945,84.28613237168835,2.8013182674199624
South Dakota,398,468,338,291,217,223,194,191,159,185,190,1761,6801,8138,6359,5295,2798,2970,2995,3071,3155,3117,3196,3164,3116,3059,2870,2674,3538,7568,14431,19664,53925,"    Finance, insurance, real estate, rental, and leasing",Food Preparation and Serving Related Occupations,Office and Administrative Support Occupations,Sales and Related Occupations,Midwest,NA,2020-04-06T00:00:00Z,NA,-14,NA,0,0,92.3,882235,555119,63,1,7,1542,46,1542,7,44.2998,-99.4388,209.54161751996216,0.45395590142671854
Tennessee,3084,3711,3093,2484,2362,2161,2140,1855,2014,2032,2702,38077,92500,112186,71887,67226,22163,22398,20441,20786,21364,20670,20485,20139,20413,19035,18450,18350,37541,116179,206472,279895,48761,"    Finance, insurance, real estate, rental, and leasing",Food Preparation and Serving Related Occupations,Office and Administrative Support Occupations,Transportation and Material Moving Occupations,South,2020-03-30T00:00:00Z,2020-03-23T00:00:00Z,2020-04-01T00:00:00Z,18,2020-05-29T00:00:00Z,1,1,87.8,6770010,4412837,65.3,1,142,6589,47,6589,142,35.7478,-86.6923,100.36666047721155,2.1551069965093337
Texas,12367,21902,15783,13070,13818,13869,12790,12047,12692,14355,16176,155426,276185,315167,274257,280761,141473,140768,145126,132656,140826,128666,133475,127275,133247,125252,127905,126427,144697,374656,632470,911923,52504,"    Mining, quarrying, and oil and gas extraction",Food Preparation and Serving Related Occupations,Office and Administrative Support Occupations,Sales and Related Occupations,South,2020-04-02T00:00:00Z,2020-03-21T00:00:00Z,NA,4,2020-05-01T00:00:00Z,1,1,84,28701845,18935524,66,1,476,18704,48,18704,476,31.0545,-97.5635,81.37636389922784,2.5449101796407185
Utah,1518,1834,1458,1271,1290,1303,1097,1008,885,1015,1305,19690,28532,33040,24515,19649,11328,11787,12061,12061,11872,12187,12131,11960,11451,11077,10701,10826,24635,45161,72798,88281,48395,"    Finance, insurance, real estate, rental, and leasing",Transportation and Material Moving Occupations,Office and Administrative Support Occupations,Sales and Related Occupations,West,NA,2020-03-19T00:00:00Z,NA,-8,NA,0,1,92.4,3161105,2031552,64.3,1,25,2917,49,2917,25,40.15,-111.8624,101.78367427549355,0.8570449091532396
Vermont,680,649,755,518,481,475,543,610,863,446,659,3784,14633,16474,9662,6598,5417,5609,4961,4986,5006,4824,4931,4872,5039,5219,4896,4810,13797,21953,31204,64313,56691,"    Finance, insurance, real estate, rental, and leasing",Food Preparation and Serving Related Occupations,Office and Administrative Support Occupations,Sales and Related Occupations,Northeast,2020-03-25T00:00:00Z,2020-03-13T00:00:00Z,2020-03-25T00:00:00Z,16,2020-05-15T00:00:00Z,1,1,93.5,626299,407657,65,1,38,803,50,803,38,44.0459,-72.7107,131.51192860687433,4.732254047322541
Virginia,3188,3643,2831,3059,2575,3097,2693,2079,3267,2527,2706,46277,112497,147369,104619,82729,22171,23577,22218,21661,22263,22049,22481,22493,22203,22714,21336,21628,41827,133184,236791,297993,60116,    Professional and business services,Food Preparation and Serving Related Occupations,Office and Administrative Support Occupations,Sales and Related Occupations,South,2020-03-30T00:00:00Z,2020-03-15T00:00:00Z,2020-03-24T00:00:00Z,23,2020-06-10T00:00:00Z,1,1,89.9,8517685,5648165,66.2,0,258,8053,51,8053,258,37.7693,-78.17,101.84350271839823,3.203774990686701
Washington,10024,9069,9079,8072,6619,7161,6311,5585,5770,6616,14240,129909,182849,171252,144455,83475,70363,70214,65903,67705,65260,64144,61819,59819,58586,56513,55588,62623,158025,309411,442936,535185,64898,"    Finance, insurance, real estate, rental, and leasing",Food Preparation and Serving Related Occupations,Office and Administrative Support Occupations,Sales and Related Occupations,West,2020-03-23T00:00:00Z,2020-03-11T00:00:00Z,2020-03-25T00:00:00Z,26,2020-05-31T00:00:00Z,1,1,91.6,7535591,4978768,66.2,0,613,11776,53,11776,613,47.4009,-121.4905,155.98584417867215,5.205502717391305
West Virginia,1564,2638,1895,1290,1364,1206,1172,1207,1108,1033,865,3536,14523,14494,14944,46755,15887,18026,17681,16745,16905,16588,16856,17355,16797,16110,15394,14154,21145,36690,48597,96128,42336,"    Mining, quarrying, and oil and gas extraction",Food Preparation and Serving Related Occupations,Office and Administrative Support Occupations,Sales and Related Occupations,South,2020-03-23T00:00:00Z,2020-03-24T00:00:00Z,2020-03-24T00:00:00Z,12,NA,1,1,87.8,1805832,1146101,63.5,1,16,785,54,785,16,38.4912,-80.9545,59.33493474668896,2.038216560509554
Wisconsin,12854,8255,6388,6134,6280,6579,5808,6098,5658,5052,5190,51031,110934,104823,70000,55883,49605,53305,44776,44077,44425,44477,44163,43996,43574,42337,40738,43607,99574,208387,262847,299532,53583,    Manufacturing,Sales and Related Occupations,Office and Administrative Support Occupations,Production Occupations,Midwest,2020-03-25T00:00:00Z,2020-03-17T00:00:00Z,2020-03-25T00:00:00Z,27,2020-05-26T00:00:00Z,1,1,92.1,5813568,3778912,65.1,0,212,4199,55,4199,212,44.2685,-89.6165,81.14682357242755,5.0488211478923555
Wyoming,662,829,636,531,529,589,598,389,471,534,517,3653,6396,6543,5794,4381,3219,3302,3301,3354,3475,3507,3699,3611,3543,3508,3375,3197,4519,7790,11212,14302,63316,"    Mining, quarrying, and oil and gas extraction",Transportation and Material Moving Occupations,Office and Administrative Support Occupations,Construction and Extraction Occupations,West,NA,2020-03-20T00:00:00Z,NA,-6,NA,0,1,93.3,577737,370203,64.2,1,2,309,56,309,2,42.756,-107.3025,62.14302952296678,0.6472491909385113
